[
  {
    "_id": "6506cfb422fa69230f35ca5f",
    "index": 0,
    "guid": "15333ac1-d438-4f39-a547-d5a458051ebe",
    "isActive": true,
    "balance": "$2,618.67",
    "picture": "http://placehold.it/32x32",
    "age": 32,
    "eyeColor": "brown",
    "name": "Wagner Ferrell",
    "gender": "male",
    "company": "PEARLESEX",
    "email": "wagnerferrell@pearlesex.com",
    "phone": "+1 (805) 569-3909",
    "address": "120 Canton Court, Newry, Nevada, 2863",
    "about": "Quis ea exercitation velit minim. Do sit cupidatat eu aliquip commodo tempor elit proident cupidatat. Elit incididunt pariatur id velit et adipisicing sit mollit nisi magna aliqua voluptate excepteur pariatur. Cupidatat sunt consectetur enim voluptate aliquip et elit duis. Culpa anim enim aute ea sunt ipsum veniam eu culpa labore.\r\n",
    "registered": "2016-04-04T02:56:24 -08:00",
    "latitude": -7.868274,
    "longitude": -20.080681,
    "tags": [
      "consectetur",
      "eu",
      "culpa",
      "dolor",
      "Lorem",
      "amet",
      "elit"
    ],
    "friends": [
      {
        "id": 0,
        "name": "Abby Shepard"
      },
      {
        "id": 1,
        "name": "Delaney Clark"
      },
      {
        "id": 2,
        "name": "Ayala Higgins"
      }
    ],
    "greeting": "Hello, Wagner Ferrell! You have 7 unread messages.",
    "favoriteFruit": "banana"
  },
  {
    "_id": "6506cfb4407a404bf19d52d9",
    "index": 1,
    "guid": "76721bd8-0703-43e9-95b2-2e7047687db9",
    "isActive": true,
    "balance": "$1,720.83",
    "picture": "http://placehold.it/32x32",
    "age": 37,
    "eyeColor": "green",
    "name": "Lana Cook",
    "gender": "female",
    "company": "TYPHONICA",
    "email": "lanacook@typhonica.com",
    "phone": "+1 (909) 545-3425",
    "address": "654 Bartlett Street, Carlos, Delaware, 2935",
    "about": "Laboris sunt eu exercitation dolore esse esse in tempor do amet tempor non proident. Anim eiusmod ipsum aute consectetur pariatur deserunt aute voluptate. Exercitation labore officia labore anim irure duis irure sit ea quis sunt commodo. Excepteur excepteur ipsum cillum officia cillum nostrud sint cillum. Ex in anim sint id laborum occaecat tempor mollit do velit eu.\r\n",
    "registered": "2018-03-11T12:27:22 -08:00",
    "latitude": 53.635485,
    "longitude": -37.260228,
    "tags": [
      "pariatur",
      "commodo",
      "Lorem",
      "et",
      "enim",
      "ut",
      "tempor"
    ],
    "friends": [
      {
        "id": 0,
        "name": "Lauri Fisher"
      },
      {
        "id": 1,
        "name": "Angelia Logan"
      },
      {
        "id": 2,
        "name": "Ingram Glass"
      }
    ],
    "greeting": "Hello, Lana Cook! You have 9 unread messages.",
    "favoriteFruit": "banana"
  },
  {
    "_id": "6506cfb454a0561f48411134",
    "index": 2,
    "guid": "ee9ef366-b513-4d9b-9a55-ecfb690c2fbc",
    "isActive": false,
    "balance": "$3,262.82",
    "picture": "http://placehold.it/32x32",
    "age": 37,
    "eyeColor": "brown",
    "name": "Cummings Mckee",
    "gender": "male",
    "company": "CINCYR",
    "email": "cummingsmckee@cincyr.com",
    "phone": "+1 (920) 577-3169",
    "address": "677 Madeline Court, Bainbridge, New Hampshire, 1391",
    "about": "Aliquip ex ullamco irure deserunt non irure mollit laborum consequat ipsum enim cupidatat. Consectetur proident occaecat consequat esse in cillum ut laboris minim deserunt esse. Fugiat aute fugiat fugiat nulla ad irure culpa tempor ea Lorem laboris nostrud amet.\r\n",
    "registered": "2014-10-31T03:36:51 -08:00",
    "latitude": 12.727888,
    "longitude": 126.234814,
    "tags": [
      "duis",
      "aute",
      "velit",
      "ullamco",
      "exercitation",
      "nulla",
      "eiusmod"
    ],
    "friends": [
      {
        "id": 0,
        "name": "Rhodes Newman"
      },
      {
        "id": 1,
        "name": "Robinson Rollins"
      },
      {
        "id": 2,
        "name": "Sharpe Little"
      }
    ],
    "greeting": "Hello, Cummings Mckee! You have 7 unread messages.",
    "favoriteFruit": "banana"
  },
  {
    "_id": "6506cfb4469db3797a48f100",
    "index": 3,
    "guid": "a6eda232-46ee-4658-b66f-e0b8a702fe55",
    "isActive": false,
    "balance": "$1,856.46",
    "picture": "http://placehold.it/32x32",
    "age": 27,
    "eyeColor": "green",
    "name": "Wooten Vaughan",
    "gender": "male",
    "company": "TWIIST",
    "email": "wootenvaughan@twiist.com",
    "phone": "+1 (852) 522-2321",
    "address": "504 Girard Street, Beechmont, Virgin Islands, 1256",
    "about": "Reprehenderit minim veniam occaecat fugiat nisi reprehenderit irure eiusmod laboris. Commodo dolor aliqua non laborum proident pariatur cupidatat cupidatat laborum excepteur ut id cillum labore. Exercitation excepteur incididunt cillum magna nulla incididunt consectetur mollit dolore ex proident eu. Aute adipisicing adipisicing do tempor aliquip id. Nulla reprehenderit sint exercitation sit Lorem est. Elit proident labore do sint deserunt duis. Sit nulla exercitation amet magna sit in in magna reprehenderit ad.\r\n",
    "registered": "2016-04-15T08:15:28 -08:00",
    "latitude": -16.892524,
    "longitude": -70.690238,
    "tags": [
      "ipsum",
      "dolor",
      "ut",
      "labore",
      "ipsum",
      "reprehenderit",
      "Lorem"
    ],
    "friends": [
      {
        "id": 0,
        "name": "Tran Fox"
      },
      {
        "id": 1,
        "name": "Pauline Allison"
      },
      {
        "id": 2,
        "name": "King Burks"
      }
    ],
    "greeting": "Hello, Wooten Vaughan! You have 9 unread messages.",
    "favoriteFruit": "banana"
  },
  {
    "_id": "6506cfb4cb55c91d8c9045fd",
    "index": 4,
    "guid": "543e2570-ae36-47c9-ae1f-31089cbb0691",
    "isActive": true,
    "balance": "$3,538.16",
    "picture": "http://placehold.it/32x32",
    "age": 31,
    "eyeColor": "brown",
    "name": "Bird Flynn",
    "gender": "male",
    "company": "EGYPTO",
    "email": "birdflynn@egypto.com",
    "phone": "+1 (908) 449-3657",
    "address": "133 Malbone Street, Williamson, Alaska, 4624",
    "about": "Cupidatat mollit fugiat laborum laborum occaecat consequat occaecat magna minim in labore qui occaecat proident. Cupidatat irure nulla nostrud dolor elit aliqua pariatur occaecat ex ex adipisicing aute. Ipsum veniam culpa dolore laborum est sit duis aliqua eu Lorem nulla aute. Eiusmod labore consequat cillum et aliquip labore Lorem culpa anim ullamco anim ut. Id cupidatat laboris reprehenderit cupidatat magna cillum. Non ad magna in anim laboris cillum aliquip. Et esse commodo deserunt proident et nulla cillum proident quis occaecat.\r\n",
    "registered": "2019-07-28T04:09:06 -08:00",
    "latitude": 21.951044,
    "longitude": -109.148817,
    "tags": [
      "ipsum",
      "pariatur",
      "pariatur",
      "excepteur",
      "ut",
      "officia",
      "do"
    ],
    "friends": [
      {
        "id": 0,
        "name": "Marsh Knapp"
      },
      {
        "id": 1,
        "name": "Judy Yang"
      },
      {
        "id": 2,
        "name": "Emilia Fowler"
      }
    ],
    "greeting": "Hello, Bird Flynn! You have 3 unread messages.",
    "favoriteFruit": "strawberry"
  }
]
